ID,Link,Name,Rating,Price,Cuisines
1,https://www.swiggy.com/restaurants/bakingo-3rd-stage-banashankari-bangalore-420020,Bakingo,4.2,400 for two,"Bakery, Desserts"
2,https://www.swiggy.com/restaurants/kanti-sweets-gandhi-bazaar-gandhi-bazar-bangalore-285645,Kanti Sweets,4.5,100 for two,Sweets
3,https://www.swiggy.com/restaurants/kfc-vani-vilas-road-basavanagudi-bangalore-17301,KFC,4.1,400 for two,"Burgers, Biryani"
4,https://www.swiggy.com/restaurants/mcdonalds-gandhi-bazaar-main-road-basavangudi-bangalore-457522,McDonald&#39;s,4.2,400 for two,"Burgers, Beverages"
5,https://www.swiggy.com/restaurants/burger-king-gandhi-bazar-basavanagudi-bangalore-77949,Burger King,4.1,350 for two,"Burgers, American"
6,https://www.swiggy.com/restaurants/hari-super-sandwich-3rd-block-jayanagar-bangalore-47493,Hari Super Sandwich (3rd Block),4,100 for two,"Chaat, Snacks"
7,https://www.swiggy.com/restaurants/lavonne-st-marks-road-bangalore-281469,Lavonne,4.6,750 for two,"Bakery, Desserts"
8,https://www.swiggy.com/restaurants/wow-momo-lullu-india-shopping-mall-rajajinagar-bangalore-427064,Wow! Momo,4,250 for two,"Tibetan, Healthy Food"
9,https://www.swiggy.com/restaurants/kwality-walls-frozen-dessert-and-ice-cream-shop-ank-rao-road-basavanagudi-bangalore-405396,Kwality Walls Frozen Dessert and Ice Cream Shop,4.6,300 for two,"Desserts, Ice Cream"
10,https://www.swiggy.com/restaurants/anand-sweets-4th-block-jayanagar-bangalore-593,Anand Sweets,4.5,300 for two,"Sweets, Chaat"
11,https://www.swiggy.com/restaurants/chaayos-chai-snacks-relax-sampige-road-malleshwaram-bangalore-415734,Chaayos Chai+Snacks=Relax,4.3,250 for two,"Bakery, Beverages"
12,https://www.swiggy.com/restaurants/cafe-amudham-lalbhagh-siddapura-jayanagar-bangalore-684427,Cafe Amudham,4.5,400 for two,"South Indian, Snacks"
13,https://www.swiggy.com/restaurants/puliyogare-point-n-r-colony-basavanagudi-bangalore-56428,Puliyogare Point,4.5,150 for two,South Indian
14,https://www.swiggy.com/restaurants/mulbagal-dosa-corner-1st-block-jayanagar-bangalore-454364,Mulbagal Dosa Corner,4.5,300 for two,South Indian
15,https://www.swiggy.com/restaurants/natraj-chole-bhature-4th-block-east-jayanagar-bangalore-412840,Natraj Chole Bhature,4.2,299 for two,"Indian, Chaat"
16,https://www.swiggy.com/restaurants/theobroma-vittal-malya-road-ashok-nagar-bangalore-426730,Theobroma,4.6,500 for two,"Desserts, Bakery"
17,https://www.swiggy.com/restaurants/simpli-namdharis-1st-block-jaya-nagar-bangalore-271191,Simpli Namdhari&#39;s,4.1,350 for two,"Italian, Chinese"
18,https://www.swiggy.com/restaurants/richie-rich-sivananda-circle-race-course-road-bangalore-46650,Richie Rich,4.4,500 for two,"Desserts, Snacks"
19,https://www.swiggy.com/restaurants/by-2-coffee-chamrajpet-chamarajpet-bangalore-85320,By 2 Coffee,4.5,100 for two,South Indian
20,https://www.swiggy.com/restaurants/sri-venkateshwara-sweet-meat-stall-gandhi-bazaar-main-road-basavanagudi-bangalore-313198,Sri Venkateshwara Sweet Meat Stall,4.5,300 for two,"Snacks, Sweets"
21,https://www.swiggy.com/restaurants/roti-ghar-gandhi-bazaar-main-road-basavanagudi-bangalore-94759,Roti Ghar,4.3,400 for two,"Chinese, South Indian"
22,https://www.swiggy.com/restaurants/sangam-sweets-gandhi-nagar-majestic-bangalore-70008,Sangam Sweets,4.5,100 for two,"North Indian, Desserts"
23,https://www.swiggy.com/restaurants/new-udupi-upahar-shivashankar-plaza-central-bangalore-bangalore-719639,New Udupi Upahar,4.5,300 for two,"North Indian, South Indian"
24,https://www.swiggy.com/restaurants/old-madras-baking-company-st-marks-road-bangalore-686348,Old Madras Baking Company,4.5,450 for two,"Bakery, Desserts"
25,https://www.swiggy.com/restaurants/toscano-jayanagar-bangalore-2864,Toscano,4.3,500 for two,"Italian, Pizzas"
26,https://www.swiggy.com/restaurants/sri-udupi-food-hub-gandhi-nagar-bangalore-579022,Sri Udupi Food Hub,4.2,200 for two,"South Indian, North Indian"
27,https://www.swiggy.com/restaurants/idc-kitchen-gandhi-nagar-bangalore-177016,IDC Kitchen,4.4,150 for two,"South Indian, North Indian"
28,https://www.swiggy.com/restaurants/rajathadri-food-fort-7th-block-jayanagar-bangalore-61983,Rajathadri Food Fort,4.4,350 for two,"Chinese, South Indian"
29,https://www.swiggy.com/restaurants/bombay-vadapav-corner-jai-bheema-nagar-malleshwaram-bangalore-180847,Bombay Vadapav Corner,4.3,100 for two,North Indian
30,https://www.swiggy.com/restaurants/the-belgian-waffle-co-sri-vasavi-temple-street-basavanagudi-bangalore-197238,The Belgian Waffle Co.,4.3,200 for two,"Waffle, Desserts"
31,https://www.swiggy.com/restaurants/shree-mahalakshmi-sweets-chamrajpet-basavanagudi-bangalore-82160,Shree Mahalakshmi Sweets,4.2,200 for two,"Sweets, Snacks"
32,https://www.swiggy.com/restaurants/third-wave-coffee-lavelle-road-ashok-nagar-bangalore-533773,Third Wave Coffee,4.4,400 for two,"Beverages, Bakery"
33,https://www.swiggy.com/restaurants/karnataka-bhel-house-chamrajpet-basavanagudi-bangalore-146490,Karnataka Bhel House,4.4,100 for two,Chaat
34,https://www.swiggy.com/restaurants/chaatimes-hanumanthanagar-bangalore-3657,Chaatimes,4.1,150 for two,"Chaat, Beverages"
35,https://www.swiggy.com/restaurants/hari-super-sandwich-bugle-rock-road-basavanagudi-bangalore-126337,Hari Super Sandwich,4.3,100 for two,"Snacks, Fast Food"
36,https://www.swiggy.com/restaurants/nic-ice-creams-bashyam-circle-rajajinagar-bangalore-75093,NIC Ice Creams,4.6,120 for two,"Ice Cream, Desserts"
37,https://www.swiggy.com/restaurants/a2b-adyar-ananda-bhavan-gandhi-bazar-main-road-basavanagudi-bangalore-1468,A2B - Adyar Ananda Bhavan,4.4,300 for two,"South Indian, North Indian"
38,https://www.swiggy.com/restaurants/paakashala-chamarajpet-basavanagudi-bangalore-743427,Paakashala,4,500 for two,Indian
39,https://www.swiggy.com/restaurants/asha-sweet-center-gandhi-bazaar-basavanagudi-bangalore-160120,Asha Sweet Center,4.5,250 for two,"Sweets, Snacks"
40,https://www.swiggy.com/restaurants/trattoria-by-toscano-1st-block-jayanagar-bangalore-317438,Trattoria by Toscano,4.3,900 for two,"Italian, Pizzas"
41,https://www.swiggy.com/restaurants/nandhini-deluxe-lalbagh-fort-road-basavanagudi-bangalore-41105,Nandhini Deluxe,4.2,550 for two,"Andhra, Chinese"
42,https://www.swiggy.com/restaurants/rolls-kitchen-longford-road-shanti-nagar-bangalore-6518,Rolls Kitchen,4.4,200 for two,Fast Food
43,https://www.swiggy.com/restaurants/empire-juices-and-desserts-gandhi-nagar-majestic-bangalore-280474,Empire Juices and Desserts,4.2,200 for two,"Ice Cream, Juices"
44,https://www.swiggy.com/restaurants/wendys-kmk-towers-residency-road-bangalore-396753,Wendy&#39;s,4.1,200 for two,"Fast Food, Snacks"
45,https://www.swiggy.com/restaurants/noto-healthy-ice-cream-vishweshwarapura-jayanagar-bangalore-582902,NOTO - Healthy Ice Cream,4.3,250 for two,"Ice Cream, Desserts"
46,https://www.swiggy.com/restaurants/new-shanti-sagar-3rd-block-rajajinagar-bangalore-40443,New Shanti Sagar,4.2,200 for two,"South Indian, Chinese"
47,https://www.swiggy.com/restaurants/boba-tree-race-course-road-sampangi-rama-nagar-bangalore-640020,Boba Tree,4.3,500 for two,Beverages
48,https://www.swiggy.com/restaurants/chungs-chinese-corner-3rd-block-jayanagar-bangalore-300512,Chungs Chinese Corner,4.1,450 for two,"Chinese, Snacks"
49,https://www.swiggy.com/restaurants/subway-bull-temple-road-basavanagudi-bangalore-1452,Subway,4.2,350 for two,"Salads, Snacks"
50,https://www.swiggy.com/restaurants/udupi-aatithya-chikkanna-garden-basavanagudi-bangalore-474587,Udupi Aatithya,4.3,500 for two,"South Indian, Beverages"
51,https://www.swiggy.com/restaurants/eatfit-ali-asker-road-cunningham-road-bangalore-393107,EatFit,4.3,270 for two,"Chinese, Healthy Food"
52,https://www.swiggy.com/restaurants/chai-point-2nd-stage-banashankari-bangalore-95121,Chai Point,4.3,150 for two,"Bakery, Beverages"
53,https://www.swiggy.com/restaurants/natural-ice-cream-7th-block-jayanagar-bangalore-29672,Natural Ice Cream,4.6,150 for two,"Ice Cream, Desserts"
54,https://www.swiggy.com/restaurants/starbucks-coffee-ashok-nagar-lavelle-road-bangalore-124178,Starbucks Coffee,4.3,400 for two,"Beverages, Cafe"
55,https://www.swiggy.com/restaurants/aromas-of-biryani-jayanagar-bangalore-576474,Aromas of Biryani,4.1,600 for two,Biryani
56,https://www.swiggy.com/restaurants/wefit-bowls-salads-and-sandwiches-vv-puram-azad-nagar-bangalore-643793,"WeFit-Bowls, Salads &amp; Sandwiches",4.2,250 for two,"Healthy Food, Salads"
57,https://www.swiggy.com/restaurants/mtr-gandhinagar-majestic-bangalore-49095,MTR,4.4,300 for two,South Indian
58,https://www.swiggy.com/restaurants/faasos-signature-wraps-and-rolls-rashtriya-vidyalaya-rd-jayanagar-bangalore-566296,Faasos Signature Wraps &amp; Rolls,4.4,350 for two,"Fast Food, Snacks"
59,https://www.swiggy.com/restaurants/punjabi-dhaba-gandhi-nagar-majestic-bangalore-393897,Punjabi Dhaba,4.2,350 for two,Punjabi
60,https://www.swiggy.com/restaurants/mojo-pizza-2x-toppings-vv-puram-basavanagudi-bangalore-622161,MOJO Pizza - 2X Toppings,4.2,250 for two,"Pizzas, Italian"
61,https://www.swiggy.com/restaurants/five-star-chicken-hanumanthanagar-banashankari-bangalore-738953,Five Star Chicken,4.5,300 for two,"Snacks, Burgers"
62,https://www.swiggy.com/restaurants/leancrust-pizza-thincrust-experts-azad-nagar-mysore-road-bangalore-681571,LeanCrust Pizza- ThinCrust Experts,4.3,300 for two,"Pizzas, Italian"
63,https://www.swiggy.com/restaurants/mealful-rolls-indias-biggest-rolls-azad-nagar-city-market-bangalore-425572,Mealful Rolls - India&#39;s Biggest Rolls,4.6,250 for two,"Fast Food, Snacks"
64,https://www.swiggy.com/restaurants/nh1-bowls-highway-to-north-azad-nagar-mysore-road-bangalore-425576,NH1 Bowls - Highway To North,4.5,250 for two,"North Indian, Punjabi"
65,https://www.swiggy.com/restaurants/la-pinoz-pizza-gandhi-bazaar-main-road-basavanagudi-bangalore-424558,La Pino&#39;z Pizza,4,220 for two,"Pizzas, Pastas"
66,https://www.swiggy.com/restaurants/shyamjis-chole-bhature-3st-block-rajajinagar-bangalore-537147,Shyamji&#39;s Chole Bhature,4.2,300 for two,"Indian, Snacks"
67,https://www.swiggy.com/restaurants/kapoors-cafe-jayanagar-bangalore-102324,Kapoor&#39;s Cafe,4.3,500 for two,North Indian
68,https://www.swiggy.com/restaurants/iyengars-bakery-4th-t-block-jayanagar-bangalore-41904,Iyengars Bakery,4.4,50 for two,"Bakery, Ice Cream"
69,https://www.swiggy.com/restaurants/imperial-restaurant-byataranyapura-mysore-road-bangalore-85333,Imperial Restaurant,4.1,400 for two,"Chinese, South Indian"
70,https://www.swiggy.com/restaurants/india-sweet-house-4th-block-jayanagar-bangalore-601010,India Sweet House,4.2,100 for two,"Sweets, Snacks"
71,https://www.swiggy.com/restaurants/itc-sunfeast-baked-creations-west-of-chord-road-rajajinagar-bangalore-409529,ITC Sunfeast Baked Creations,4.6,600 for two,"Bakery, Desserts"
72,https://www.swiggy.com/restaurants/bhatti-chicken-grilled-not-fried-vv-puram-basavanagudi-bangalore-616234,"Bhatti Chicken - Grilled, NOT Fried!",5,250 for two,"North Indian, Snacks"
73,https://www.swiggy.com/restaurants/aahar-gandhi-nagar-majestic-bangalore-569800,Aahar,4.4,200 for two,"South Indian, Beverages"
74,https://www.swiggy.com/restaurants/bombay-kulfis-gandhi-bazaar-main-road-basavanagudi-bangalore-66424,Bombay Kulfis,4.6,100 for two,"North Indian, Desserts"
75,https://www.swiggy.com/restaurants/minus-30-infantry-road-shivajinagar-bangalore-420143,Minus 30,4.6,600 for two,"Ice Cream, Desserts"
76,https://www.swiggy.com/restaurants/big-mishra-pedha-3rd-phase-vijayanagar-bangalore-200916,Big Mishra Pedha,4.5,200 for two,"Sweets, Snacks"
77,https://www.swiggy.com/restaurants/krispy-kreme-2nd-stage-banashankari-bangalore-365932,Krispy Kreme,4.6,170 for two,"Desserts, Beverages"
78,https://www.swiggy.com/restaurants/prasuma-momo-kitchen-1st-main-road-rajajinagar-bangalore-694084,Prasuma Momo Kitchen,4.4,400 for two,"Chinese, Asian"
79,https://www.swiggy.com/restaurants/fb-cakes-magadi-main-road-vijay-nagar-bangalore-700433,FB Cakes,4.4,1500 for two,Bakery
80,https://www.swiggy.com/restaurants/great-indian-khichdi-by-eatfit-cunnigham-road-vasanth-nagar-bangalore-440123,Great Indian Khichdi by EatFit,4.3,200 for two,"Home Food, Indian"
81,https://www.swiggy.com/restaurants/grameen-kulfi-bashyam-circle-rajajinagar-bangalore-352790,Grameen Kulfi,4.7,120 for two,"Ice Cream, Desserts"
82,https://www.swiggy.com/restaurants/faasos-wraps-and-rolls-rashtriya-vidyalaya-rd-jayanagar-bangalore-93497,Faasos - Wraps &amp; Rolls,4.2,200 for two,"Kebabs, Fast Food"
83,https://www.swiggy.com/restaurants/al-bek-6th-block-rajajinagar-bangalore-252618,Al-Bek,4,500 for two,"Arabian, Tandoor"
84,https://www.swiggy.com/restaurants/rnr-biryani-taste-of-1953-4th-block-jayanagar-bangalore-440897,RNR Biryani - Taste of 1953,4.3,350 for two,"Biryani, South Indian"
85,https://www.swiggy.com/restaurants/itc-aashirvaad-soul-creations-rajajinagar-industrial-town-rajaji-nagar-bangalore-577804,ITC Aashirvaad Soul Creations,4.3,500 for two,Indian
86,https://www.swiggy.com/restaurants/holige-mane-bashyam-circle-rajajinagar-bangalore-164061,Holige Mane,4.5,200 for two,Sweets
87,https://www.swiggy.com/restaurants/myfroyoland-premium-frozen-yogurt-4th-block-jayanagar-bangalore-510522,Myfroyoland - Premium Frozen Yogurt,4.6,400 for two,"Ice Cream, Desserts"
88,https://www.swiggy.com/restaurants/haagen-dazs-gopalapura-magadi-road-bangalore-464940,Haagen Dazs,4.5,800 for two,"Desserts, Beverages"
89,https://www.swiggy.com/restaurants/madno-house-of-sundaes-city-market-majestic-bangalore-439630,Madno - House of Sundaes,4.6,250 for two,"Desserts, Ice Cream"
90,https://www.swiggy.com/restaurants/bikaner-sweets-4th-t-block-jayanagar-bangalore-424609,Bikaner Sweets,4.1,99 for two,Sweets
91,https://www.swiggy.com/restaurants/bangarpet-chats-4th-block-ramamandira-rajajinagar-bangalore-206516,Bangarpet Chats,4.1,60 for two,Chaat
92,https://www.swiggy.com/restaurants/cakewala-4th-block-jayanagar-bangalore-29071,Cakewala,4.4,400 for two,Desserts
93,https://www.swiggy.com/restaurants/goli-vada-pav-2nd-stage-banashankari-bangalore-336872,Goli Vada Pav,4.4,100 for two,"Indian, Snacks"
94,https://www.swiggy.com/restaurants/big-bite-pf-layout-vijayanagar-bangalore-32792,Big Bite,4.3,100 for two,"Beverages, Chinese"
95,https://www.swiggy.com/restaurants/giani-ice-cream-4th-block-jayanagar-bangalore-604536,Giani Ice Cream,4.4,300 for two,"Ice Cream, Desserts"
96,https://www.swiggy.com/restaurants/andhra-gunpowder-shivananda-circle-seshadripuram-bangalore-502957,Andhra Gunpowder,4.4,350 for two,"Andhra, Biryani"
97,https://www.swiggy.com/restaurants/home-plate-by-eatfit-vasanth-nagar-cunningham-road-bangalore-440151,Home Plate by EatFit,4,200 for two,"North Indian, Home Food"
98,https://www.swiggy.com/restaurants/hrx-by-eatfit-ali-asker-road-cunningham-road-bangalore-558773,HRX by EatFit,4.5,450 for two,"Healthy Food, Salads"
99,https://www.swiggy.com/restaurants/mcdonalds-gourmet-burger-collection-mantri-square-malleshwaram-bangalore-395257,McDonald&#39;s Gourmet Burger Collection,4.2,600 for two,"Burgers, Beverages"
100,https://www.swiggy.com/restaurants/the-betel-leaf-co-millars-road-vasanthanagar-bangalore-170528,The Betel Leaf Co.,4.5,200 for two,"Paan, Desserts"
101,https://www.swiggy.com/restaurants/cookie-man-gopalapura-basaveshwaranagar-bangalore-441300,Cookie Man,4.3,500 for two,"Desserts, Ice Cream"
102,https://www.swiggy.com/restaurants/gourmet-ice-cream-cakes-by-baskin-robbins-gt-world-mall-magadi-road-bangalore-476596,Gourmet Ice Cream Cakes by Baskin Robbins,5,200 for two,"Ice Cream Cakes, Desserts"
103,https://www.swiggy.com/restaurants/oven-story-pizza-rashtriya-vidyalaya-rd-jayanagar-bangalore-93499,Oven Story Pizza,4.1,400 for two,"Pizzas, Pastas"
104,https://www.swiggy.com/restaurants/istah-the-mediterranean-way-akkithimanahalli-santhi-nagar-bangalore-503961,Istah - The Mediterranean Way,4.4,250 for two,"Mediterranean, Snacks"
105,https://www.swiggy.com/restaurants/kabab-magic-rv-road-basavanagudi-bangalore-108109,Kabab Magic,4.3,300 for two,"Chinese, South Indian"
106,https://www.swiggy.com/restaurants/meghana-foods-jayanagar-bangalore-655,Meghana Foods,4.4,500 for two,"Biryani, Andhra"
107,https://www.swiggy.com/restaurants/samosa-party-brigade-road-bangalore-312660,Samosa Party,4.6,150 for two,"Fast Food, Snacks"
108,https://www.swiggy.com/restaurants/corner-house-ice-cream-basavanagudi-bangalore-427575,Corner House Ice Cream,4.6,400 for two,"Ice Cream, Desserts"
109,https://www.swiggy.com/restaurants/hotel-empire-majestic-bangalore-41102,Hotel Empire,4.1,450 for two,"North Indian, Kebabs"
110,https://www.swiggy.com/restaurants/box8-desi-meals-azad-nagar-mysore-road-bangalore-425570,BOX8 - Desi Meals,4.1,250 for two,"North Indian, Biryani"
111,https://www.swiggy.com/restaurants/goli-vada-pav-no-1-2nd-block-jayanagar-bangalore-2040,Goli Vada Pav No.1,4.4,100 for two,"Maharashtrian, North Indian"
112,https://www.swiggy.com/restaurants/california-burrito-gandhi-bazaar-basavanagudi-bangalore-484182,California Burrito,4.5,250 for two,"Mexican, American"
113,https://www.swiggy.com/restaurants/polar-bear-ice-cream-sundaes-kavilakshmisha-road-basavanagudi-bangalore-5893,Polar Bear Ice Cream Sundaes,4.5,300 for two,"Ice Cream, Desserts"
114,https://www.swiggy.com/restaurants/baskin-robbins-ice-cream-desserts-gt-world-mall-vijay-nagar-bangalore-476594,Baskin Robbins - Ice Cream Desserts,4.4,250 for two,"Desserts, Ice Cream"
115,https://www.swiggy.com/restaurants/nandhana-palace-rajajinagar-bangalore-18975,Nandhana Palace,4.2,500 for two,"Biryani, Andhra"
116,https://www.swiggy.com/restaurants/frozen-bottle-milkshakes-desserts-and-ice-cream-magadi-road-bangalore-45008,"Frozen Bottle - Milkshakes, Desserts And Ice Cream",4.2,250 for two,"Beverages, Desserts"
117,https://www.swiggy.com/restaurants/ibaco-basavanagudi-m-n-krishna-rao-road-bangalore-49840,Ibaco,4.3,800 for two,Desserts
118,https://www.swiggy.com/restaurants/rolls-on-wheels-banashankari-bangalore-1469,Rolls On Wheels,4.1,300 for two,"Fast Food, North Indian"
119,https://www.swiggy.com/restaurants/beijing-bites-2nd-stage-banashankari-bangalore-8392,Beijing Bites,4.2,450 for two,"Chinese, Thai"
120,https://www.swiggy.com/restaurants/keventers-milkshakes-and-desserts-mantri-square-mall-malleshwaram-bangalore-349629,Keventers - Milkshakes &amp; Desserts,4.4,200 for two,"Beverages, Ice Cream"
121,https://www.swiggy.com/restaurants/lassi-shop-rpc-layout-vijayanagar-bangalore-178838,Lassi Shop,4.3,200 for two,"Beverages, Desserts"
122,https://www.swiggy.com/restaurants/churmur-chaat-co-rama-nagar-central-bangalore-bangalore-329938,Churmur Chaat Co,4.5,250 for two,"Chaat, Snacks"
123,https://www.swiggy.com/restaurants/pizza-hut-lulu-india-shopping-mal-magadi-road-bangalore-426713,Pizza Hut,4,300 for two,Pizzas
124,https://www.swiggy.com/restaurants/salt-indian-restaurant-bar-and-grill-whitefield-central-bangalore-bangalore-484939,Salt - Indian Restaurant Bar &amp; Grill,4.5,1000 for two,"South Indian, Indian"
125,https://www.swiggy.com/restaurants/goodness-to-go-lavelle-road-bangalore-604781,Goodness To Go,4.4,350 for two,"European, Italian"
126,https://www.swiggy.com/restaurants/sri-durga-chats-and-icecream-parlour-vijayanagar-since-1996-sbi-staff-colony-vijayanagar-bangalore-67964,Sri Durga Chats and Icecream Parlour Vijayanagar Since 1996,4.3,80 for two,"Chinese, South Indian"
127,https://www.swiggy.com/restaurants/all-saints-bakery-brigade-road-ashok-nagar-bangalore-15870,All Saints Bakery,4.4,200 for two,"Bakery, Snacks"
128,https://www.swiggy.com/restaurants/indraprastha-vegetarian-mc-layout-vijayanagar-bangalore-48677,Indraprastha Vegetarian,4.3,300 for two,"South Indian, North Indian"
129,https://www.swiggy.com/restaurants/smoke-house-deli-ashok-nagar-lavelle-road-bangalore-10238,Smoke House Deli,4.4,800 for two,"Italian, Continental"
130,https://www.swiggy.com/restaurants/restaurant-chef-pillai-ashok-nagar-central-bangalore-bangalore-739040,Restaurant Chef Pillai,4.6,1400 for two,"South Indian, Seafood"
131,https://www.swiggy.com/restaurants/amadora-gourmet-ice-cream-u-b-city-vittal-mallaya-bangalore-737841,Amadora Gourmet Ice Cream,4.4,500 for two,"Desserts, Ice Cream"
132,https://www.swiggy.com/restaurants/cafe-noir-vittal-mallya-road-bangalore-53605,Cafe Noir,4.2,800 for two,"European, Continental"
133,https://www.swiggy.com/restaurants/biryanis-and-more-jayanagar-bangalore-29002,Biryanis And More,4.1,400 for two,"North Indian, Chinese"
134,https://www.swiggy.com/restaurants/boss-burger-ashok-nagar-lavelle-road-bangalore-234701,BOSS Burger,4,500 for two,"Burgers, American"
135,https://www.swiggy.com/restaurants/glens-bakehouse-lavelle-road-ashok-nagar-bangalore-17376,Glen&#39;s Bakehouse,4.5,500 for two,"Desserts, Bakery"
136,https://www.swiggy.com/restaurants/taste-of-tibet-brigade-road-bangalore-410844,Taste Of Tibet,4.3,250 for two,Chinese
137,https://www.swiggy.com/restaurants/the-doner-company-shawarmas-and-more-shanthinagara-central-bangalore-bangalore-697850,The Doner Company - Shawarmas &amp; More,4,500 for two,"Middle Eastern, Lebanese"
138,https://www.swiggy.com/restaurants/misu-palace-road-seshadripuram-bangalore-241420,Misu,4.3,1300 for two,"Asian, Chinese"
139,https://www.swiggy.com/restaurants/taiki-3rd-block-jayanagar-bangalore-337997,Taiki,4.1,800 for two,"Japanese, Pan-Asian"
140,https://www.swiggy.com/restaurants/fanoos-johnson-market-richmond-road-bangalore-2824,Fanoos,4.1,300 for two,"Biryani, Tandoor"
141,https://www.swiggy.com/restaurants/lakeview-milkbar-mg-road-bangalore-2832,Lakeview Milkbar,4.2,450 for two,"Desserts, Ice Cream"
142,https://www.swiggy.com/restaurants/qmin-cafe-rajajinagar-basaveshwaranagar-bangalore-690935,Qmin Cafe,4.6,200 for two,"Cafe, Beverages"
143,https://www.swiggy.com/restaurants/gochick-brigade-road-central-bangalore-bangalore-742282,Gochick,4,400 for two,"Burgers, Snacks"
144,https://www.swiggy.com/restaurants/taco-bell-vatal-nagaraj-road-magadi-road-bangalore-442110,Taco Bell,4.2,300 for two,Mexican
145,https://www.swiggy.com/restaurants/shawarma-on-wheels-cafe-coffee-day-banashankari-bangalore-661004,Shawarma on Wheels,4,400 for two,"Arabian, Snacks"
146,https://www.swiggy.com/restaurants/tadka-singh-magrath-road-church-street-bangalore-2843,Tadka Singh,4.3,300 for two,"Punjabi, North Indian"
147,https://www.swiggy.com/restaurants/the-fatty-bao-lavelle-road-bangalore-289970,The Fatty Bao,4.3,1000 for two,"Asian, Japanese"
148,https://www.swiggy.com/restaurants/tandoori-taal-prestige-trade-tower-ashok-nagar-bangalore-290399,Tandoori Taal,4.4,700 for two,Indian
149,https://www.swiggy.com/restaurants/burger-seigneur-st-marks-road-bangalore-354531,Burger Seigneur,4.4,1200 for two,"American, Continental"
150,https://www.swiggy.com/restaurants/namaste-sampige-road-malleshwaram-bangalore-639122,Namaste,4.2,100 for two,"South Indian, Thalis"
151,https://www.swiggy.com/restaurants/brik-oven-high-grounds-bangalore-245536,Brik Oven,4.2,700 for two,"Italian, Pizzas"
152,https://www.swiggy.com/restaurants/paris-panini-gourmet-sandwiches-and-wraps-church-street-central-bangalore-bangalore-667962,Paris Panini - Gourmet Sandwiches &amp; Wraps,4.5,500 for two,"Continental, Pastas"
153,https://www.swiggy.com/restaurants/itc-master-chef-creations-industrial-town-rajaji-nagar-bangalore-409528,ITC Master Chef Creations,4.4,650 for two,"North Indian, Biryani"
154,https://www.swiggy.com/restaurants/art-of-delight-ice-creams-sundaes-and-desserts-residency-road-ashok-nagar-bangalore-2811,"Art of Delight - Ice Creams, Sundaes and Desserts",4.5,250 for two,"Ice Cream, Desserts"
155,https://www.swiggy.com/restaurants/the-pizza-bakery-church-street-ashok-nagar-bangalore-342643,The Pizza Bakery,4.4,700 for two,"Pizzas, Pastas"
156,https://www.swiggy.com/restaurants/daily-sushi-shanthala-nagar-ashok-nagar-bangalore-600456,Daily Sushi,4.4,800 for two,"Japanese, Asian"
157,https://www.swiggy.com/restaurants/sri-udupi-park-galaxy-mall-residency-road-bangalore-4046,Sri Udupi Park,4.4,200 for two,"North Indian, South Indian"
158,https://www.swiggy.com/restaurants/living-bowls-7th-phase-brigade-road-bangalore-557322,Living Bowls,4.1,500 for two,"Salads, Continental"
159,https://www.swiggy.com/restaurants/truffles-st-marks-road-bangalore-3369,Truffles,4.5,450 for two,"American, Desserts"
160,https://www.swiggy.com/restaurants/chai-galli-2nd-phase-church-street-bangalore-644151,Chai Galli,4.2,250 for two,"Beverages, Snacks"
161,https://www.swiggy.com/restaurants/smoor-ashok-nagar-lavelle-road-bangalore-588012,Smoor,4.4,450 for two,"Asian, Desserts"
162,https://www.swiggy.com/restaurants/samosa-singh-magrath-rd-central-bangalore-bangalore-679869,Samosa Singh,4.2,150 for two,"Snacks, North Indian"
163,https://www.swiggy.com/restaurants/blue-tokai-coffee-roasters-infantry-road-shivaji-nagar-bangalore-187384,Blue Tokai Coffee Roasters,4.5,800 for two,"Cafe, Healthy Food"
164,https://www.swiggy.com/restaurants/pasta-street-cunningham-road-bangalore-19361,Pasta Street,4.4,900 for two,"Italian, Pizzas"
165,https://www.swiggy.com/restaurants/amore-gelato-italian-ice-cream-shanthala-nagar-central-bangalore-bangalore-672534,Amore Gelato - Italian Ice Cream,4.6,200 for two,Ice Cream
166,https://www.swiggy.com/restaurants/paratha-box-desi-punjabi-meals-ali-asker-road-vasanth-nagar-bangalore-396192,Paratha Box - Desi Punjabi Meals,4.2,250 for two,"North Indian, Fast Food"
167,https://www.swiggy.com/restaurants/foo-brigade-road-brigade-road-prestige-forum-rex-bangalore-642747,Foo Brigade Road,4.3,1000 for two,"Asian, Chinese"
168,https://www.swiggy.com/restaurants/slay-coffee-bar-st-marks-road-bangalore-326529,SLAY Coffee Bar,4.3,200 for two,"Beverages, Desserts"
169,https://www.swiggy.com/restaurants/royce-chocolate-vittal-mallya-road-bangalore-48338,ROYCE&#39; Chocolate,4.8,750 for two,Desserts
170,https://www.swiggy.com/restaurants/pablos-sandwiches-7th-phase-brigade-road-bangalore-577206,Pablo&#39;s Sandwiches,4.2,250 for two,"Snacks, Desserts"
171,https://www.swiggy.com/restaurants/sweet-chariot-brigade-road-ashok-nagar-bangalore-58568,Sweet Chariot,4.2,50 for two,Desserts
172,https://www.swiggy.com/restaurants/nandos-brigade-road-ashok-nagar-bangalore-621462,Nando&#39;s,4.1,350 for two,"Portuguese, Burgers"
173,https://www.swiggy.com/restaurants/xo-belgian-waffle-2nd-stage-banashankari-bangalore-100829,XO Belgian Waffle,4.4,250 for two,Desserts
174,https://www.swiggy.com/restaurants/oh-calcutta-industrial-town-rajajinagar-bangalore-374352,Oh! Calcutta,4.2,800 for two,Bengali
175,https://www.swiggy.com/restaurants/cold-stone-creamery-binnipete-bangalore-425699,Cold Stone Creamery,4.4,200 for two,"Ice Cream, Desserts"
176,https://www.swiggy.com/restaurants/munchies-brigade-road-ashok-nagar-bangalore-5359,Munchies,4.5,300 for two,"Burgers, Waffle"
177,https://www.swiggy.com/restaurants/biggies-burger-ashok-nagar-church-street-bangalore-273161,Biggies Burger,4.1,300 for two,"American, Fast Food"
178,https://www.swiggy.com/restaurants/mainland-china-rajajinagar-bangalore-5569,Mainland China,4.2,850 for two,"Chinese, Asian"
179,https://www.swiggy.com/restaurants/easy-bites-by-hotel-empire-castel-street-ashok-nagar-bangalore-279735,Easy Bites by Hotel Empire,4.1,150 for two,"Snacks, Fast Food"
180,https://www.swiggy.com/restaurants/the-brooklyn-creamery-healthy-ice-cream-vv-giri-colony-seshadripuram-bangalore-376324,The Brooklyn Creamery - Healthy Ice Cream,4.4,200 for two,"Desserts, Ice Cream"
181,https://www.swiggy.com/restaurants/social-church-street-bangalore-17118,Social,4.2,500 for two,"North Indian, Chinese"
182,https://www.swiggy.com/restaurants/gopizza-garuda-mall-magrath-road-bangalore-578520,Gopizza,4.1,250 for two,"Pizzas, Desserts"
183,https://www.swiggy.com/restaurants/green-cravings-aga-abdullah-street-richmond-town-bangalore-197935,Green Cravings,4.1,350 for two,"Healthy Food, Fast Food"
184,https://www.swiggy.com/restaurants/asia-kitchen-by-mainland-china-bindu-galaxy-rajajinagar-bangalore-305778,Asia Kitchen By Mainland China,4.2,850 for two,"Asian, Chinese"
185,https://www.swiggy.com/restaurants/plan-b-banashankari-bangalore-594021,Plan B,4.3,1200 for two,"Pizzas, Fast Food"
186,https://www.swiggy.com/restaurants/ghee-and-turmeric-cunnigham-road-vasanth-nagar-bangalore-442538,Ghee and Turmeric,4.2,500 for two,"North Indian, Tandoor"
187,https://www.swiggy.com/restaurants/slv-corner-restaurant-slv-corner-vani-vilas-road-basavanagudi-bangalore-69997,SLV Corner Restaurant,4.5,450 for two,"Chinese, South Indian"
188,https://www.swiggy.com/restaurants/srinivasa-brahmins-bakery-dr-dvg-road-basavanagudi-bangalore-22192,Srinivasa Brahmins Bakery,4.6,150 for two,Street Food
189,https://www.swiggy.com/restaurants/sri-vishnu-grand-veg-gandhi-nagar-majestic-bangalore-625034,Sri Vishnu Grand Veg,4.2,200 for two,"South Indian, North Indian"
190,https://www.swiggy.com/restaurants/freshmenu-johnson-market-richmond-road-bangalore-6924,FreshMenu,4.2,250 for two,"Continental, Chinese"
191,https://www.swiggy.com/restaurants/new-biryani-centre-3rd-block-jayanagar-bangalore-640626,New Biryani Centre,4.7,200 for two,"Biryani, Fast Food"
192,https://www.swiggy.com/restaurants/dumont-creamery-church-street-bangalore-215958,Dumont Creamery,4.3,250 for two,"Ice Cream, Beverages"
193,https://www.swiggy.com/restaurants/cafe-delhi-heights-forum-rex-walk-central-bangalore-bangalore-672387,Cafe Delhi Heights,4.3,800 for two,"Indian, Chinese"
194,https://www.swiggy.com/restaurants/punjab-grill-lulu-mall-forum-rex-walk-bangalore-667904,Punjab Grill,4.4,900 for two,"North Indian, Kebabs"
195,https://www.swiggy.com/restaurants/itc-fabelle-chocolates-richmond-town-bangalore-304580,ITC Fabelle Chocolates,4.1,600 for two,"Bakery, Desserts"
196,https://www.swiggy.com/restaurants/keventers-ice-cream-mantri-square-malleshwaram-bangalore-420485,Keventers Ice Cream,4.5,200 for two,"Ice Cream, Desserts"
197,https://www.swiggy.com/restaurants/xero-degrees-jayanagar-04th-block-bangalore-719451,Xero Degrees,4.3,300 for two,"Pizzas, Beverages"
198,https://www.swiggy.com/restaurants/dhaba-estd-1986-delhi-forum-rex-walk-mall-shanthinagara-bangalore-665767,Dhaba Estd 1986 Delhi,4.5,900 for two,Indian
199,https://www.swiggy.com/restaurants/dum-safar-biryani-dr-rajkumar-road-rajajinagar-bangalore-586685,Dum Safar Biryani,4.1,500 for two,"Biryani, Kebabs"
200,https://www.swiggy.com/restaurants/shyam-mishra-juice-centre-llp-vishweshwarapura-basavanagudi-bangalore-626762,Shyam Mishra Juice Centre Llp,4.4,170 for two,Juices
201,https://www.swiggy.com/restaurants/provenance-deli-and-desserts-vittal-mallya-road-bangalore-213832,Provenance Deli and Desserts,4.5,700 for two,"Desserts, Cafe"
202,https://www.swiggy.com/restaurants/brahmins-coffee-bar-shankarapura-basavanagudi-bangalore-111261,Brahmin&#39;s Coffee Bar,4.7,100 for two,South Indian
203,https://www.swiggy.com/restaurants/toscanos-crafted-cakes-and-desserts-1st-block-jayanagar-bangalore-347248,Toscano&#39;s Crafted Cakes and Desserts,4.5,600 for two,"Desserts, Bakery"
204,https://www.swiggy.com/restaurants/rajasthani-dhaba-lakshmi-road-shanthi-nagar-bangalore-334172,Rajasthani Dhaba,4,200 for two,"North Indian, Rajasthani"
205,https://www.swiggy.com/restaurants/udupi-sri-krishna-bhavan-gandhi-bazaar-main-road-basavanagudi-bangalore-213902,Udupi Sri Krishna Bhavan,4.6,200 for two,"South Indian, Desserts"
206,https://www.swiggy.com/restaurants/vijayalakshmi-bull-temple-rd-basavanagudi-bangalore-96527,Vijayalakshmi,4.1,150 for two,"South Indian, North Indian"
207,https://www.swiggy.com/restaurants/sanman-restaurant-nehru-nagar-malleshwaram-bangalore-486189,Sanman Restaurant,4.5,300 for two,"South Indian, Indian"
208,https://www.swiggy.com/restaurants/sunnys-lavelle-road-bangalore-173211,Sunny&#39;s,4.3,2000 for two,"European, American"
209,https://www.swiggy.com/restaurants/papparoti-vittal-malya-road-ashok-nagar-bangalore-321157,Papparoti,4.1,600 for two,"Bakery, Desserts"
210,https://www.swiggy.com/restaurants/sriracha-vittal-mallya-road-bangalore-307805,Sriracha,4.2,1600 for two,"Asian, Chinese"
211,https://www.swiggy.com/restaurants/sanchez-vittal-mallya-road-bangalore-307804,Sanchez,4.4,1200 for two,Mexican
212,https://www.swiggy.com/restaurants/shiro-vittal-mallya-road-bangalore-7341,Shiro,4.3,1400 for two,"Japanese, Sushi"
213,https://www.swiggy.com/restaurants/upahara-darshini-kims-canteen-rajya-vokkaligara-sangha-basavanagudi-bangalore-429864,Upahara Darshini KIMS Canteen,4.1,400 for two,"South Indian, North Indian"
214,https://www.swiggy.com/restaurants/chicken-county-restaurant-s-c-road-majestic-bangalore-551901,Chicken County Restaurant,4.2,200 for two,"North Indian, Chinese"
215,https://www.swiggy.com/restaurants/via-milano-jayanagar-bangalore-325637,Via Milano,4.2,800 for two,"Italian, Pizzas"
216,https://www.swiggy.com/restaurants/sri-nayvedya-veg-4th-block-jayanagar-bangalore-476261,Sri Nayvedya Veg,4.3,150 for two,South Indian
217,https://www.swiggy.com/restaurants/nagarjuna-chimney-jayanagar-jaya-nagar-bangalore-1050,Nagarjuna Chimney,4.3,800 for two,"Seafood, Andhra"
218,https://www.swiggy.com/restaurants/marathi-kitchen-4th-block-jayanagar-bangalore-636609,Marathi Kitchen,4.3,300 for two,Maharashtrian
219,https://www.swiggy.com/restaurants/davanagere-benne-dose-hut-avalahalli-banashankari-bangalore-221597,Davanagere Benne Dose Hut,4.1,200 for two,South Indian
220,https://www.swiggy.com/restaurants/slv-swadishta-south-indian-2nd-stage-banashankari-bangalore-1754,SLV Swadishta (South Indian),4.5,300 for two,South Indian
221,https://www.swiggy.com/restaurants/bidadi-thatte-idly-4th-block-jayanagar-bangalore-479256,Bidadi Thatte idly,4.3,100 for two,South Indian
222,https://www.swiggy.com/restaurants/chicking-binnipete-rajajinagar-bangalore-455002,Chicking,4.1,500 for two,"American, Grill"
223,https://www.swiggy.com/restaurants/pannagas-bangarpet-chats-srinagar-banashankari-bangalore-610847,Pannagas Bangarpet Chats,4.2,200 for two,"Chaat, Snacks"
224,https://www.swiggy.com/restaurants/4th-tea-block-4th-t-block-jayanagar-bangalore-295537,4th Tea block,4.5,100 for two,"Beverages, Snacks"
225,https://www.swiggy.com/restaurants/food-springs-4th-block-jp-nagar-bangalore-15342,Food Springs,4.3,350 for two,Chinese
226,https://www.swiggy.com/restaurants/infinitea-cunningham-road-ashok-nagar-bangalore-24297,Infinitea,4.4,1000 for two,"Italian, French"
227,https://www.swiggy.com/restaurants/go-native-ashok-nagar-lavelle-road-bangalore-219460,Go Native,4.4,600 for two,"Healthy Food, Jain"
228,https://www.swiggy.com/restaurants/hotel-ngt-non-veg-rpc-layout-vijayanagar-bangalore-604653,Hotel Ngt Non Veg,4,350 for two,"Indian, North Indian"
229,https://www.swiggy.com/restaurants/shiv-sagar-rs-sampige-road-malleshwaram-bangalore-4793,Shiv Sagar ( RS ),4.2,500 for two,"North Indian, Chinese"
230,https://www.swiggy.com/restaurants/halli-jonne-biriyani-4th-t-block-jayanagar-bangalore-145076,Halli Jonne Biriyani,4.3,300 for two,"South Indian, Biryani"
231,https://www.swiggy.com/restaurants/green-onion-chinese-residency-road-residency-road-ashok-nagar-bangalore-117871,Green Onion Chinese-Residency Road,4.4,600 for two,Chinese
232,https://www.swiggy.com/restaurants/carols-pastries-and-bakers-millars-road-vasanth-nagar-bangalore-437003,Carols Pastries &amp; Bakers,4.3,500 for two,"Bakery, Desserts"
233,https://www.swiggy.com/restaurants/love-and-crumble-lalehzar-apartments-palace-road-malleshwaram-bangalore-694704,Love And Crumble,4.8,400 for two,"Bakery, Desserts"
234,https://www.swiggy.com/restaurants/the-living-room-residency-road-ashok-nagar-bangalore-471784,The Living Room,4.8,400 for two,"Fast Food, Pizzas"
235,https://www.swiggy.com/restaurants/temple-of-the-senses-church-street-mg-road-bangalore-638157,Temple of the Senses,4.5,700 for two,"Healthy Food, Beverages"
236,https://www.swiggy.com/restaurants/dolci-desserts-cunningham-road-bangalore-5596,Dolci Desserts,4.3,600 for two,"Desserts, Bakery"
237,https://www.swiggy.com/restaurants/palmgrove-ballal-residency-ashok-nagar-residency-road-bangalore-53490,Palmgrove Ballal Residency,4.5,400 for two,"Chinese, Coastal"
238,https://www.swiggy.com/restaurants/restaurant1179-railway-parallel-road-malleshwaram-bangalore-486701,Restaurant1179,4.1,500 for two,"South Indian, Indian"
239,https://www.swiggy.com/restaurants/yak-kitchen-brigade-road-ashok-nagar-bangalore-451810,Yak Kitchen,4.5,500 for two,"Tibetan, Sushi"
240,https://www.swiggy.com/restaurants/no-10-fort-cochin-st-marks-road-bangalore-69354,No.10 Fort Cochin,4.3,400 for two,"Seafood, Kerala"
241,https://www.swiggy.com/restaurants/sikandar-rolls-barton-centre-m-g-road-bangalore-279060,Sikandar Rolls,4.6,300 for two,"North Indian, Kebabs"
242,https://www.swiggy.com/restaurants/new-shanthi-sagar-rv-road-jayanagar-bangalore-12396,New Shanthi Sagar,4.1,400 for two,"North Indian, Chinese"
243,https://www.swiggy.com/restaurants/maggi-mane-okalipuram-rajajinagar-bangalore-215453,Maggi Mane,4.1,200 for two,"Beverages, Italian"
244,https://www.swiggy.com/restaurants/twiststick-house-kavi-lakshmisha-road-basavanagudi-bangalore-66474,Twiststick House,4.1,300 for two,"Jain, North Indian"
245,https://www.swiggy.com/restaurants/jain-and-veg-cuisines-kavi-lakshmisha-road-basavanagudi-bangalore-398070,Jain and Veg Cuisines,4,300 for two,"Indian, Jain"
246,https://www.swiggy.com/restaurants/hotel-prashanth-ain-road-basavanagudi-bangalore-707740,Hotel Prashanth,4.1,500 for two,"Andhra, Chinese"
247,https://www.swiggy.com/restaurants/smv-snacks-corner-vishweshwarapura-basavanagudi-bangalore-400147,SMV Snacks corner,4.2,150 for two,"Chaat, Fast Food"
248,https://www.swiggy.com/restaurants/pure-and-sure-organic-cafe-1st-block-jayanagar-bangalore-172471,Pure &amp; Sure Organic Cafe,4.4,350 for two,"Italian-American, Continental"
249,https://www.swiggy.com/restaurants/kentacky-chicken-corner-rajaram-mohan-ray-road-richmond-road-bangalore-451468,Kentacky Chicken Corner,4.2,400 for two,"North Indian, Andhra"
250,https://www.swiggy.com/restaurants/sai-prasadam-rpc-layout-vijay-nagar-bangalore-33094,Sai Prasadam,4.2,250 for two,"South Indian, North Indian"
251,https://www.swiggy.com/restaurants/vinnys-banashankari-bangalore-24756,Vinny&#39;s,4.3,800 for two,"Italian, Pizzas"
252,https://www.swiggy.com/restaurants/hotel-moon-light-kuvempu-road-malleshwaram-bangalore-382861,Hotel Moon Light,4.2,500 for two,"Indian, Chinese"
253,https://www.swiggy.com/restaurants/sweet-chariot-cafe-residency-road-ashok-nagar-bangalore-53608,Sweet Chariot Cafe,4.5,500 for two,Desserts
254,https://www.swiggy.com/restaurants/biriyani-mane-7th-block-jayanagar-bangalore-107684,Biriyani Mane,4.2,350 for two,"Chinese, South Indian"
255,https://www.swiggy.com/restaurants/hyderabad-biryani-hotel-sampige-road-malleshwaram-bangalore-123985,Hyderabad Biryani Hotel,4.2,500 for two,"Biryani, Chinese"
256,https://www.swiggy.com/restaurants/krishna-vaibhava-chord-road-vijayanagar-bangalore-297530,Krishna Vaibhava,4.3,250 for two,"Indian, Chinese"
257,https://www.swiggy.com/restaurants/karavali-family-restaurant-residency-road-brigade-road-bangalore-421765,Karavali Family Restaurant,4.1,200 for two,"Mangalorean, Seafood"
258,https://www.swiggy.com/restaurants/cantan-ashok-nagar-lavelle-road-bangalore-289969,Cantan,4.4,1000 for two,"Chinese, Asian"
259,https://www.swiggy.com/restaurants/millers-46-vasanth-nagar-bangalore-5908,Miller&#39;s 46,4.4,1100 for two,"American, Continental"
260,https://www.swiggy.com/restaurants/zed-the-baker-cunnigham-road-vasanth-nagar-bangalore-227560,Zed The Baker,4.3,500 for two,"Italian, Bakery"
261,https://www.swiggy.com/restaurants/kubo-1st-block-jayanagar-bangalore-469127,KUBO,4.1,1000 for two,"Japanese, Asian"
262,https://www.swiggy.com/restaurants/samipa-iyengar-bakery-2nd-phase-banashankari-bangalore-127818,Samipa Iyengar Bakery,4,150 for two,Bakery
263,https://www.swiggy.com/restaurants/pure-and-natural-7th-block-jayanagar-bangalore-3210,Pure &amp; Natural,4.1,450 for two,"Juices, Continental"
264,https://www.swiggy.com/restaurants/hotel-toms-restaurant-brigade-road-ashok-nagar-bangalore-10212,Hotel Tom&#39;s Restaurant,4.4,400 for two,"Mangalorean, Biryani"
265,https://www.swiggy.com/restaurants/mayura-1989-dr-raj-kumar-road-rajajinagar-bangalore-122795,Mayura 1989,4.2,900 for two,"Chinese, South Indian"
266,https://www.swiggy.com/restaurants/juice-junction-and-snacks-4th-t-block-east-jayanagar-bangalore-339998,Juice Junction &amp; Snacks,4.2,200 for two,"Snacks, Chinese"
267,https://www.swiggy.com/restaurants/south-holige-mane-2nd-stage-vijayanagar-bangalore-574493,South Holige Mane,4.6,200 for two,"South Indian, Snacks"
268,https://www.swiggy.com/restaurants/bmd-burgers-melts-dogs-premium-sandwiches-kaverappa-layout-cunningham-road-bangalore-352571,BMD - Burgers. Melts. Dogs : Premium Sandwiches,4,600 for two,"American, Healthy Food"
269,https://www.swiggy.com/restaurants/eden-park-cunningham-road-bangalore-29070,Eden Park,4.2,1000 for two,"Andhra, North Indian"
270,https://www.swiggy.com/restaurants/new-krishna-bhavan-gopika-a-c-sirur-park-road-malleshwaram-bangalore-54697,New Krishna Bhavan (Gopika A/C),4.4,300 for two,"South Indian, North Indian"
271,https://www.swiggy.com/restaurants/azukii-bistro-alfred-street-richmond-town-bangalore-337861,Azukii Bistro,4.6,1200 for two,"Japanese, Asian"
272,https://www.swiggy.com/restaurants/dbd-davangere-benne-dosa-govindarajanagar-vijayanagar-bangalore-291350,DBD-Davangere Benne Dosa,4.3,150 for two,South Indian
273,https://www.swiggy.com/restaurants/savi-sagar-srirampura-metro-station-rajajinagar-bangalore-37353,Savi Sagar,4.1,150 for two,"South Indian, North Indian"
274,https://www.swiggy.com/restaurants/uttara-karnatakadha-jolada-rotti-mattu-chapati-angadi-gandhi-bazaar-basavanagudi-bangalore-381553,Uttara karnatakadha Jolada rotti Mattu Chapati Angadi,4.2,100 for two,"South Indian, Snacks"
275,https://www.swiggy.com/restaurants/flying-kombucha-binnipete-bangalore-439729,Flying Kombucha,4.3,200 for two,"Healthy Food, Beverages"
276,https://www.swiggy.com/restaurants/m-s-sukhsagar-hotel-gandhinagar-gandhi-nagar-majestic-bangalore-120023,M/s. SUKHSAGAR HOTEL GANDHINAGAR,4.2,200 for two,North Indian
277,https://www.swiggy.com/restaurants/pabrais-fresh-and-naturelle-ice-creams-wood-street-brigade-road-bangalore-18977,Pabrai&#39;s Fresh and Naturelle Ice Creams,4.7,180 for two,"Ice Cream, Desserts"
278,https://www.swiggy.com/restaurants/lakshmi-sweets-and-chats-2nd-stage-banashankari-bangalore-331307,Lakshmi Sweets &amp; Chats,4.2,200 for two,"Chaat, Beverages"
279,https://www.swiggy.com/restaurants/saarangi-fine-dining-4th-block-jayanagar-bangalore-153743,Saarangi Fine Dining,4.3,250 for two,"Chinese, North Indian"
280,https://www.swiggy.com/restaurants/bucket-biryani-castle-street-ashok-nagar-bangalore-454692,Bucket Biryani,4.3,700 for two,"Biryani, North Indian"
281,https://www.swiggy.com/restaurants/davanagere-benne-dose-4th-block-jayanagar-bangalore-326125,Davanagere Benne Dose,4.2,120 for two,South Indian
282,https://www.swiggy.com/restaurants/the-rice-bowl-lavelle-road-bangalore-44238,The Rice Bowl,4.4,450 for two,Chinese
283,https://www.swiggy.com/restaurants/maiyas-restaurants-jayanagar-bangalore-17077,Maiyas Restaurants,4.3,250 for two,South Indian
284,https://www.swiggy.com/restaurants/galli-kitchen-2nd-stage-banashankari-bangalore-526823,Galli Kitchen,4.2,200 for two,"South Indian, Fast Food"
285,https://www.swiggy.com/restaurants/donne-biryani-palace-4th-block-jayanagar-bangalore-634490,Donne Biryani Palace,4.3,350 for two,"Biryani, Kebabs"
286,https://www.swiggy.com/restaurants/k-c-das-3rd-block-jayanagar-bangalore-396200,K C Das,4.2,100 for two,"Bakery, Sweets"
287,https://www.swiggy.com/restaurants/frosty-crumble-residency-road-ashok-nagar-bangalore-123889,Frosty Crumble,4.8,450 for two,"Desserts, Ice Cream"
288,https://www.swiggy.com/restaurants/ramji-chaiwale-residency-road-ashok-nagar-bangalore-59234,Ramji Chaiwale,4.2,100 for two,"Fast Food, Punjabi"
289,https://www.swiggy.com/restaurants/hatti-kaapi-coffee-and-more-4th-block-jayanagar-bangalore-27771,Hatti Kaapi - Coffee and more,4.4,50 for two,"Beverages, South Indian"
290,https://www.swiggy.com/restaurants/the-food-corner-millars-road-vasanth-nagar-bangalore-230143,The Food Corner,4.3,150 for two,"Chinese, North Indian"
291,https://www.swiggy.com/restaurants/o2-juice-bar-byrasandra-jayanagar-bangalore-730769,O2 Juice Bar,4.3,200 for two,"Juices, Beverages"
292,https://www.swiggy.com/restaurants/kaippunnyam-restaurant-brigade-road-ashok-nagar-bangalore-435046,Kaippunnyam Restaurant,4.2,300 for two,"Kerala, Seafood"
293,https://www.swiggy.com/restaurants/zoroy-luxury-chocolates-church-street-bangalore-167437,Zoroy Luxury Chocolates,4.2,400 for two,"Desserts, Bakery"
294,https://www.swiggy.com/restaurants/mystique-palate-4th-block-jayanagar-bangalore-49496,Mystique Palate,4.3,150 for two,Fast Food
295,https://www.swiggy.com/restaurants/bangalore-thindies-infantry-road-shivaji-nagar-bangalore-307554,Bangalore Thindies,4.2,80 for two,South Indian
296,https://www.swiggy.com/restaurants/maharaja-military-canteen-donne-biryani-cunnigham-road-vasanth-nagar-bangalore-402621,Maharaja Military Canteen - Donne Biryani,4.1,300 for two,"Biryani, South Indian"
297,https://www.swiggy.com/restaurants/barbecue-by-punjab-grill-mantri-square-malleshwaram-bangalore-425927,Barbecue by Punjab Grill,4,900 for two,"North Indian, Kebabs"
298,https://www.swiggy.com/restaurants/kabab-korner-ashok-nagar-st-marks-road-bangalore-6115,Kabab Korner,4.5,500 for two,"North Indian, Chinese"
299,https://www.swiggy.com/restaurants/pizza-stop-lavelle-road-bangalore-11250,Pizza Stop,4,400 for two,"Italian, Pizzas"
300,https://www.swiggy.com/restaurants/itc-gardenia-flavours-residency-road-ashok-nagar-bangalore-281885,ITC Gardenia - Flavours,4.1,1000 for two,"Indian, Continental"
301,https://www.swiggy.com/restaurants/sly-granny-forum-rex-walk-mall-shanthinagara-bangalore-665768,Sly Granny,4.3,1000 for two,"American, Pizzas"
302,https://www.swiggy.com/restaurants/donne-biryani-house-sampige-road-malleshwaram-bangalore-32738,Donne Biryani House,4,300 for two,"Biryani, South Indian"
303,https://www.swiggy.com/restaurants/itc-gardenia-gourmet-couch-residency-road-ashok-nagar-bangalore-294450,ITC Gardenia -Gourmet Couch,4.3,1000 for two,"Japanese, North Indian"
304,https://www.swiggy.com/restaurants/karnataka-biryani-point-ln-puram-rajajinagar-bangalore-115437,Karnataka biryani point,4,250 for two,"Biryani, Kebabs"
305,https://www.swiggy.com/restaurants/ice-fort-hoshalli-extension-vijayanagar-bangalore-208542,Ice Fort,4,150 for two,Ice Cream
306,https://www.swiggy.com/restaurants/slv-refereshments-3rd-stage-banashankari-bangalore-396486,SLV Refereshments,4.4,100 for two,South Indian
307,https://www.swiggy.com/restaurants/varanasi-cafe-lassi-ghat-4th-block-jayanagar-bangalore-369617,Varanasi Cafe (Lassi Ghat),4.1,200 for two,Beverages
308,https://www.swiggy.com/restaurants/chinese-hot-millars-road-vasanth-nagar-bangalore-350064,Chinese Hot,4.3,350 for two,"Chinese, Thai"
309,https://www.swiggy.com/restaurants/hotel-green-tara-brigade-road-ashok-nagar-bangalore-439381,Hotel Green Tara,4.4,300 for two,"Chinese, Tibetan"
310,https://www.swiggy.com/restaurants/hoppipola-church-street-bangalore-23093,Hoppipola,4.4,600 for two,"Salads, Pizzas"
311,https://www.swiggy.com/restaurants/itc-windsor-biryani-and-pulao-collection-vasanth-nagar-golf-course-road-bangalore-334997,ITC Windsor - Biryani and Pulao Collection,4.3,1000 for two,"Biryani, North Indian"
312,https://www.swiggy.com/restaurants/gowhey-healthy-dessert-company-albert-victor-road-chamrajpet-bangalore-346434,Gowhey- Healthy Dessert Company,4.3,200 for two,"Desserts, Ice Cream"
313,https://www.swiggy.com/restaurants/candy-cloud-factory-kavi-lakshmisha-road-basavanagudi-bangalore-655570,Candy Cloud Factory,4.5,450 for two,"Sweets, Waffle"
314,https://www.swiggy.com/restaurants/bangarapet-bhel-house-raghavendra-colony-basavanagudi-bangalore-373794,Bangarapet bhel house,4.1,110 for two,"Indian, Snacks"
315,https://www.swiggy.com/restaurants/hotel-chandrika-cunnigham-road-vasanth-nagar-bangalore-10844,Hotel Chandrika,4.3,300 for two,"South Indian, North Indian"
316,https://www.swiggy.com/restaurants/india-chai-lounge-millars-road-vasanth-nagar-bangalore-389139,India Chai Lounge,4.5,250 for two,Beverages
317,https://www.swiggy.com/restaurants/brahmishree-nandi-grand-rpc-layout-vijayanagar-bangalore-625785,Brahmishree Nandi Grand,4.4,250 for two,"North Indian, Chinese"
318,https://www.swiggy.com/restaurants/om-sri-vinayaka-chats-srinivasnagar-banashankari-bangalore-408549,Om Sri Vinayaka Chats,4.1,100 for two,Chaat
319,https://www.swiggy.com/restaurants/airlines-hotel-ashok-nagar-lavelle-road-bangalore-79234,Airlines Hotel,4.5,400 for two,"South Indian, North Indian"
320,https://www.swiggy.com/restaurants/momonest-22nd-cross-banashankari-bangalore-732498,MomoNest,4.1,250 for two,Chinese
321,https://www.swiggy.com/restaurants/jmv-condiments-anepalya-audgodi-bangalore-492181,Jmv Condiments,4.5,200 for two,Snacks
322,https://www.swiggy.com/restaurants/biryani-blues-church-street-ashok-nagar-bangalore-439141,Biryani Blues,4.2,400 for two,"Biryani, Kebabs"
323,https://www.swiggy.com/restaurants/rolls-mania-church-street-st-marks-road-bangalore-55438,Rolls Mania,4,200 for two,Indian
324,https://www.swiggy.com/restaurants/abubakar-siddiq-hotel-mohammedan-block-malleswaram-bangalore-345281,Abubakar Siddiq Hotel,4.3,300 for two,"Indian, Chinese"
325,https://www.swiggy.com/restaurants/roomali-church-street-ashok-nagar-bangalore-2840,Roomali,4.3,1000 for two,"North Indian, Indian"
326,https://www.swiggy.com/restaurants/tottos-pizza-shanthala-nagar-ashok-nagar-bangalore-406845,Tottos pizza,4.2,500 for two,"Continental, Italian"
327,https://www.swiggy.com/restaurants/ketogenic-foods-cunnigham-road-vasanth-nagar-bangalore-231740,Ketogenic Foods,4.3,1200 for two,"Continental, Desserts"
328,https://www.swiggy.com/restaurants/mudpipe-cafe-cunningham-road-bangalore-14842,Mudpipe Cafe,4.4,500 for two,"Mexican, Continental"
329,https://www.swiggy.com/restaurants/green-theory-shanthala-nagar-richmond-town-bangalore-2856,Green Theory,4.2,1000 for two,"Italian, Continental"
330,https://www.swiggy.com/restaurants/suzy-q-cunningham-road-bangalore-396108,Suzy Q,4.2,800 for two,"Indian, Continental"
331,https://www.swiggy.com/restaurants/raahi-st-marks-road-bangalore-292262,Raahi,4.1,500 for two,Indian
332,https://www.swiggy.com/restaurants/anjappar-brigade-road-bangalore-252412,Anjappar,4.1,400 for two,"Chettinad, Thalis"
333,https://www.swiggy.com/restaurants/dragons-belly-thyagaraja-nagar-banashankari-bangalore-660186,Dragon&#39;s Belly,4,250 for two,"Chinese, Pan-Asian"
334,https://www.swiggy.com/restaurants/new-samrat-restaurant-sc-road-seshadripuram-bangalore-411998,New Samrat Restaurant,4.3,150 for two,"South Indian, North Indian"
335,https://www.swiggy.com/restaurants/kavali-hotel-3rd-stage-banashankari-bangalore-163519,Kavali Hotel,4.3,250 for two,South Indian
336,https://www.swiggy.com/restaurants/cafe-morish-richmond-building-richmond-road-bangalore-63082,Cafe Mor&#39;ish,4.5,500 for two,"Continental, American"
337,https://www.swiggy.com/restaurants/venezia-7th-block-jayanagar-bangalore-516747,Venezia,4.3,1000 for two,"Italian, Mexican"
338,https://www.swiggy.com/restaurants/sri-sai-chats-bangarpet-chats-new-diagonal-rd-jayanagar-bangalore-720488,Sri Sai Chats Bangarpet Chats,4.4,100 for two,Street Food
339,https://www.swiggy.com/restaurants/hotel-vrindavan-1stu-main-r-p-c-layout-vijayanagar-bangalore-733172,HOTEL VRINDAVAN,4.3,500 for two,"South Indian, Chinese"
340,https://www.swiggy.com/restaurants/n-r-donne-biriyani-1st-block-jayanagar-bangalore-531344,N R Donne Biriyani,4.2,250 for two,"Biryani, South Indian"
341,https://www.swiggy.com/restaurants/virinchi-cafe-residency-road-ashok-nagar-bangalore-471009,Virinchi Cafe,4.3,250 for two,South Indian
342,https://www.swiggy.com/restaurants/hotel-udupi-ruchi-5th-block-rajajinagar-bangalore-42739,Hotel Udupi Ruchi,4.1,300 for two,"South Indian, Chinese"
343,https://www.swiggy.com/restaurants/kuuraku-shanthala-nagar-ashok-nagar-bangalore-634916,Kuuraku,4.3,2000 for two,"Japanese, Sushi"
344,https://www.swiggy.com/restaurants/brassa-shanthala-nagar-st-marks-road-bangalore-662616,Brassa,4.1,1700 for two,"Mexican, Japanese"
345,https://www.swiggy.com/restaurants/bakeshop-by-living-food-bannergatta-main-road-brigade-road-bangalore-623019,Bakeshop by Living Food,4.4,300 for two,Bakery
346,https://www.swiggy.com/restaurants/desserted-8th-main-road-vasanth-nagar-bangalore-415086,Desserted,4.4,600 for two,"Beverages, Snacks"
347,https://www.swiggy.com/restaurants/navya-samrat-infantry-road-ashok-nagar-bangalore-633113,Navya Samrat,4.1,500 for two,"North Indian, South Indian"
348,https://www.swiggy.com/restaurants/chinese-wok-and-grill-2nd-stage-banashankari-bangalore-621704,Chinese Wok &amp; Grill,4.2,250 for two,"Chinese, Pan-Asian"
349,https://www.swiggy.com/restaurants/namma-biriyani-3rd-stage-banashankari-bangalore-129052,Namma Biriyani,4.3,300 for two,"Indian, Chinese"
350,https://www.swiggy.com/restaurants/shangrila-restaurant-ashok-nagar-brigade-road-bangalore-457740,Shangrila Restaurant ,4.1,500 for two,"Chinese, Beverages"
351,https://www.swiggy.com/restaurants/bhagyalakshmi-butter-gulkand-stores-sampige-road-malleshwaram-bangalore-586843,Bhagyalakshmi Butter Gulkand Stores,4.7,200 for two,Desserts
352,https://www.swiggy.com/restaurants/little-white-kitchen-brigade-road-ashok-nagar-bangalore-62112,Little White Kitchen,4.5,300 for two,"Chinese, Continental"
353,https://www.swiggy.com/restaurants/1522-the-pub-residency-road-residency-road-bangalore-335844,1522 The Pub - Residency Road,4.3,600 for two,"Chinese, Coastal"
354,https://www.swiggy.com/restaurants/baha-shanthala-nagar-sampangi-rama-nagara-bangalore-333296,BaHa,4.9,400 for two,"Lebanese, Mediterranean"
355,https://www.swiggy.com/restaurants/halli-mane-malleshwaram-bangalore-6400,Halli Mane,4.1,200 for two,"South Indian, North Indian"
356,https://www.swiggy.com/restaurants/cafe-azzure-mg-road-bangalore-43206,Cafe Azzure,4.1,1000 for two,"American, Italian"
357,https://www.swiggy.com/restaurants/sgs-nonveg-gundu-palav-balepet-sowrashtrapet-majestic-bangalore-433950,SGS Nonveg Gundu Palav (Balepet),4.5,500 for two,"South Indian, Biryani"
358,https://www.swiggy.com/restaurants/new-modern-hotel-parvathipuram-basavanagudi-bangalore-501190,New Modern Hotel,4.6,300 for two,South Indian
359,https://www.swiggy.com/restaurants/biryani-trip-destination-hyderabad-hare-krishna-road-seshadripuram-bangalore-502855,Biryani Trip - Destination Hyderabad,4,180 for two,"Fast Food, Snacks"
360,https://www.swiggy.com/restaurants/aligarh-house-mughlai-biryani-ali-asker-road-cunningham-road-bangalore-393108,Aligarh House -Mughlai Biryani,4.1,400 for two,"Biryani, Mughlai"
361,https://www.swiggy.com/restaurants/donburi-aga-abdullah-street-richmond-town-bangalore-469048,DonBuri,4,250 for two,"Continental, Chinese"
362,https://www.swiggy.com/restaurants/tea-villa-cafe-jayanagar-bangalore-107695,Tea Villa Cafe,4.1,1000 for two,"Chinese, Continental"
363,https://www.swiggy.com/restaurants/smoodies-by-eatfit-vasantha-nagar-central-bangalore-bangalore-661062,Smoodies by EatFit,4.8,270 for two,"Beverages, Juices"
364,https://www.swiggy.com/restaurants/ghee-tadka-khichdi-shivananda-circle-seshadripuram-bangalore-518343,Ghee Tadka Khichdi,4.3,300 for two,"Indian, Home Food"
365,https://www.swiggy.com/restaurants/big-bites-hare-krishna-road-seshadripuram-bangalore-505897,Big Bites,4.2,400 for two,"Fast Food, Snacks"
366,https://www.swiggy.com/restaurants/shakespert-2nd-stage-banashankari-bangalore-298898,Shakespert,4.4,500 for two,"Beverages, Snacks"
367,https://www.swiggy.com/restaurants/new-ambur-special-dum-biriyani-agrahara-rajajinagar-bangalore-488135,New Ambur Special Dum Biriyani,4,300 for two,"Biryani, North Indian"
368,https://www.swiggy.com/restaurants/vegan-kitchen-cunnigham-road-vasanth-nagar-bangalore-231946,Vegan kitchen,4.3,600 for two,"Continental, Italian"
369,https://www.swiggy.com/restaurants/melts-sampige-road-malleshwaram-bangalore-514081,Melts,4.2,500 for two,"Tex-Mex, Pizzas"
370,https://www.swiggy.com/restaurants/bombay-borough-ashok-nagar-bangalore-465939,Bombay Borough,4.1,900 for two,Indian
371,https://www.swiggy.com/restaurants/thenga-manga-brigade-road-central-bangalore-bangalore-748103,Thenga Manga,4,500 for two,"North Indian, Chinese"
372,https://www.swiggy.com/restaurants/dyce-4th-block-jayanagar-bangalore-610237,Dyce,4,500 for two,"Continental, Italian"
373,https://www.swiggy.com/restaurants/hotel-ocea-markham-road-brigade-road-bangalore-52336,Hotel Ocea,4.4,300 for two,"Arabian, Chinese"
374,https://www.swiggy.com/restaurants/asian-curry-house-mantri-square-mall-malleshwaram-bangalore-720471,Asian Curry House,4.5,1300 for two,"Chinese, Oriental"
375,https://www.swiggy.com/restaurants/bilquees-home-kitchen-shivaji-nagar-central-bangalore-bangalore-735382,Bilquees home kitchen,5,500 for two,Snacks
376,https://www.swiggy.com/restaurants/brew-meister-4th-block-jayanagar-bangalore-602770,Brew Meister,4.2,600 for two,"North Indian, South Indian"
377,https://www.swiggy.com/restaurants/ragoos-5th-b-main-k-r-road-bangalore-1540,Ragoo&#39;s,4.1,800 for two,"Italian, Pizzas"
378,https://www.swiggy.com/restaurants/indian-maharaj-bheemanna-garden-shanti-nagar-bangalore-699939,Indian Maharaj,4.6,500 for two,"Snacks, Desserts"
379,https://www.swiggy.com/restaurants/flavorville-kavi-lakshmisha-rd-basavanagudi-bangalore-654971,FlavorVille,4.6,450 for two,"North Indian, Chinese"
380,https://www.swiggy.com/restaurants/peppy-parathas-and-rolls-by-chai-point-2nd-stage-banashankari-bangalore-481820,Peppy Parathas &amp; Rolls By Chai Point,4.2,150 for two,"Bakery, Beverages"
381,https://www.swiggy.com/restaurants/pavman-2nd-block-rajajinagar-bangalore-549586,PavMan,4.3,200 for two,Snacks
382,https://www.swiggy.com/restaurants/apna-ghar-lakshmisha-road-jayanagar-bangalore-405430,Apna Ghar,4.1,200 for two,"Punjabi, North Indian"
383,https://www.swiggy.com/restaurants/udupi-sri-krishna-vaibhava-6th-block-jayanagar-bangalore-485614,Udupi Sri Krishna Vaibhava,4.1,150 for two,"South Indian, Chinese"
384,https://www.swiggy.com/restaurants/manchurian-corner-kavi-lakshmisha-road-basavanagudi-bangalore-398062,Manchurian Corner,4.2,300 for two,"Chinese, Indian"
385,https://www.swiggy.com/restaurants/food-paradise-sirur-park-road-seshadripuram-bangalore-5221,Food Paradise,4,250 for two,"Mughlai, North Indian"
386,https://www.swiggy.com/restaurants/hotel-raghavendra-prasanna-chikkapete-city-market-bangalore-315796,Hotel Raghavendra Prasanna,4.7,200 for two,"Beverages, South Indian"
387,https://www.swiggy.com/restaurants/brown-burger-co-jayanagar-jayanagar-bangalore-422674,Brown Burger Co Jayanagar,4.4,199 for two,Beverages
388,https://www.swiggy.com/restaurants/chinese-culinaire-joniawas-banashankari-bangalore-707371,Chinese Culinaire,4.1,250 for two,"Chinese, Pan-Asian"
389,https://www.swiggy.com/restaurants/kaapi-kendra-siddanna-layout-banashankari-bangalore-415233,Kaapi Kendra,4.2,100 for two,South Indian
390,https://www.swiggy.com/restaurants/sicilia-pont-italian-restaurant-5th-block-rajajinagar-bangalore-343594,Sicilia Pont (Italian Restaurant ),4.4,300 for two,"Pizzas, Italian"
391,https://www.swiggy.com/restaurants/drunken-monkey-rajajinagar-3rd-block-rajajinagar-bangalore-538037,Drunken Monkey Rajajinagar,4.1,300 for two,"Healthy Food, Beverages"
392,https://www.swiggy.com/restaurants/simple-thindies-1st-stage-banashankari-bangalore-389651,Simple Thindies,4.3,200 for two,"South Indian, Snacks"
393,https://www.swiggy.com/restaurants/south-ruchi-magadi-road-bangalore-32754,South Ruchi,4.3,250 for two,"North Indian, South Indian"
394,https://www.swiggy.com/restaurants/rcb-bar-and-cafe-church-street-bangalore-358622,RCB Bar &amp; Cafe,4,750 for two,"Indian, Asian"
395,https://www.swiggy.com/restaurants/kalmane-koffees-mantri-square-mall-malleshwaram-bangalore-306701,Kalmane Koffees,5,350 for two,"Continental, Cafe"
396,https://www.swiggy.com/restaurants/roof-tap-2nd-stage-banashankari-bangalore-55533,Roof Tap,4.6,500 for two,"North Indian, Chinese"
397,https://www.swiggy.com/restaurants/china-flame-richmond-road-ashok-nagar-bangalore-161007,China Flame,4,275 for two,"Chinese, Thai"
398,https://www.swiggy.com/restaurants/mandarin-box-church-street-ashok-nagar-bangalore-119055,Mandarin Box,4,600 for two,Chinese
399,https://www.swiggy.com/restaurants/rolls-venue-lic-colony-jayanagar-bangalore-685134,Rolls Venue,4.3,120 for two,"Snacks, Chinese"
400,https://www.swiggy.com/restaurants/mitti-cafe-banashankari-bangalore-372806,MITTI Cafe,4.1,350 for two,"Continental, Indian"
401,https://www.swiggy.com/restaurants/sattuani-mg-road-ashok-nagar-bangalore-158019,Sattuani,4.3,200 for two,"North Indian, Chinese"
402,https://www.swiggy.com/restaurants/smoky-and-snacky-chamarajpet-basavangudi-bangalore-410891,Smoky and Snacky,4.3,180 for two,"Chinese, Indian"
403,https://www.swiggy.com/restaurants/himadri-ice-cream-k-g-circle-malleshwaram-bangalore-461164,Himadri Ice Cream,4.2,250 for two,"Ice Cream, Beverages"
404,https://www.swiggy.com/restaurants/shyvan-fast-food-lal-bagh-road-ashok-nagar-bangalore-165917,Shyvan Fast Food,4.4,200 for two,"North Indian, Chinese"
405,https://www.swiggy.com/restaurants/new-food-court-shamana-garden-koramangala-bangalore-738867,New Food Court,4.3,299 for two,"Indian, Chinese"
406,https://www.swiggy.com/restaurants/kholi-mane-2nd-block-basavanagudi-bangalore-24697,Kholi Mane,4.2,350 for two,"Biryani, South Indian"
407,https://www.swiggy.com/restaurants/gowdas-biryani-corner-nati-style-hosahalli-vijaynagar-bangalore-659362,Gowdas Biryani Corner Nati Style,4.5,400 for two,"Biryani, North Indian"
408,https://www.swiggy.com/restaurants/hyperscoop-natural-and-premium-ice-cream-rpc-layout-vijayanagar-bangalore-368240,Hyperscoop Natural and Premium Ice Cream,4.4,110 for two,"Ice Cream, Desserts"
409,https://www.swiggy.com/restaurants/vijaynagar-vaibhav-mc-layout-vijayanagar-bangalore-619033,Vijaynagar Vaibhav,4.1,250 for two,South Indian
410,https://www.swiggy.com/restaurants/appu-donne-biriyani-telecom-colony-vijayanagar-bangalore-541635,Appu Donne Biriyani,4.2,120 for two,"Biryani, Indian"
411,https://www.swiggy.com/restaurants/shyam-mishra-juice-center-6th-c-main-road-jayanagar-bangalore-663572,Shyam Mishra Juice Center,4.3,140 for two,Beverages
412,https://www.swiggy.com/restaurants/new-aaradhya-food-line-2nd-stage-banashankari-bangalore-460598,New Aaradhya Food Line,4.4,500 for two,"Indian, South Indian"
413,https://www.swiggy.com/restaurants/sri-udupi-vaibhava-27th-cross-rd-jayanagar-bangalore-691358,Sri Udupi Vaibhava,4.5,200 for two,"South Indian, Chinese"
414,https://www.swiggy.com/restaurants/the-kytchin-k-r-road-jayanagar-bangalore-716406,The Kytchin,4.6,400 for two,"Indian, Chinese"
415,https://www.swiggy.com/restaurants/suguna-kabab-corner-hosahalli-vijayanagar-bangalore-175399,Suguna Kabab Corner,4.3,200 for two,Indian
416,https://www.swiggy.com/restaurants/south-ruchis-square-race-course-road-bangalore-39400,South Ruchis Square,4.2,500 for two,"Biryani, Chinese"
417,https://www.swiggy.com/restaurants/harilal-paan-mavalli-city-market-bangalore-614844,Harilal Paan,4.7,100 for two,"Paan, Sweets"
418,https://www.swiggy.com/restaurants/shivanna-gulkan-store-vv-puram-basavanagudi-bangalore-247145,Shivanna Gulkan Store,4.2,300 for two,Indian
419,https://www.swiggy.com/restaurants/sri-ranganatha-military-hotel-chamrajpet-basavanagudi-bangalore-122282,Sri Ranganatha Military Hotel,4.3,240 for two,"South Indian, Biryani"
420,https://www.swiggy.com/restaurants/sri-ganesh-sweets-chamrajpet-basavanagudi-bangalore-404433,Sri Ganesh Sweets,4.5,200 for two,"Sweets, Beverages"
421,https://www.swiggy.com/restaurants/rathan-juice-center-bazaar-street-basavanagudi-bangalore-719910,Rathan Juice  Center,5,500 for two,Desserts
422,https://www.swiggy.com/restaurants/kabab-palace-6th-block-rajajinagar-bangalore-111229,Kabab Palace,4.3,400 for two,"Chinese, South Indian"
423,https://www.swiggy.com/restaurants/parijata-pure-veg-shoolay-circle-richmond-town-bangalore-303283,Parijata pure veg,4.3,200 for two,South Indian
424,https://www.swiggy.com/restaurants/mubarak-restaurant-agrahara-rajajinagar-bangalore-512282,Mubarak Restaurant,4.4,300 for two,"North Indian, Chinese"
425,https://www.swiggy.com/restaurants/sri-malai-mahadeshwara-bhel-corner-3rd-stage-banashankari-bangalore-395577,Sri malai mahadeshwara bhel corner,4.5,90 for two,Indian
426,https://www.swiggy.com/restaurants/shree-cool-point-rpc-layout-vijay-nagar-bangalore-112727,Shree Cool Point,4.3,100 for two,"Fast Food, Beverages"
427,https://www.swiggy.com/restaurants/doosri-biwi-4th-block-jayanagar-bangalore-516465,Doosri Biwi,4.2,400 for two,Snacks
428,https://www.swiggy.com/restaurants/gustoes-beer-and-bouffage-jayanagar-bangalore-23067,Gustoes Beer and Bouffage,4.2,850 for two,"North Indian, Chinese"
429,https://www.swiggy.com/restaurants/swathi-greenland-mc-layout-vijayanagar-bangalore-74628,Swathi Greenland,4.2,600 for two,"Biryani, Andhra"
430,https://www.swiggy.com/restaurants/foodx-restaurant-millers-road-vasanth-nagar-bangalore-422942,FoodX Restaurant,4,200 for two,"Indian, Chinese"
431,https://www.swiggy.com/restaurants/hotel-utsav-north-indian-food-joint-3rd-stage-banashankari-bangalore-5589,HOTEL UTSAV North Indian Food Joint,4.2,150 for two,North Indian
432,https://www.swiggy.com/restaurants/patio-805-jayanagar-bangalore-141185,Patio 805,4.1,300 for two,"Pan-Asian, North Indian"
433,https://www.swiggy.com/restaurants/express-chinese-sec-19-banashankari-bangalore-707523,Express chinese,4.1,250 for two,"Chinese, Pan-Asian"
434,https://www.swiggy.com/restaurants/mumbai-spice-vasantha-nagar-central-bangalore-bangalore-735422,Mumbai Spice,5,200 for two,North Indian
435,https://www.swiggy.com/restaurants/murlidhar-samosa-point-3rd-block-rajajinagar-bangalore-641825,Murlidhar Samosa Point,4.3,59 for two,"Snacks, Desserts"
436,https://www.swiggy.com/restaurants/italian-bakehouse-4th-t-block-jayanagar-bangalore-466600,Italian Bakehouse,4.4,1000 for two,"Bakery, Beverages"
437,https://www.swiggy.com/restaurants/tree-tops-bar-and-kitchen-lavelle-road-bangalore-337687,Tree Tops Bar &amp; Kitchen,4.9,400 for two,"Tandoor, Mughlai"
438,https://www.swiggy.com/restaurants/hotel-new-panchavati-mrcr-layout-vijayanagar-bangalore-32692,Hotel New Panchavati,4.2,400 for two,"Andhra, Biryani"
439,https://www.swiggy.com/restaurants/donne-biryani-corner-nati-style-sampangi-rama-nagar-brigade-road-bangalore-581958,Donne Biryani Corner Nati Style,4.4,299 for two,"Biryani, Indian"
440,https://www.swiggy.com/restaurants/tasty-paradise-tirur-park-road-malleshwaram-bangalore-47446,Tasty Paradise,4.1,250 for two,"Andhra, Chinese"
441,https://www.swiggy.com/restaurants/kamat-aahaar-malleshwaram-1st-cross-road-malleshwaram-bangalore-585673,Kamat Aahaar- Malleshwaram,4.2,250 for two,"South Indian, Snacks"
442,https://www.swiggy.com/restaurants/matsuri-the-chancery-hotel-the-chancery-hotel-lavelle-road-bangalore-554191,Matsuri - The Chancery Hotel,4.7,800 for two,"Japanese, Chinese"
443,https://www.swiggy.com/restaurants/dadi-di-rasoi-lakshmi-road-jayanagar-bangalore-231777,Dadi Di Rasoi,4.3,200 for two,North Indian
444,https://www.swiggy.com/restaurants/namma-s-l-n-2nd-block-jayanagar-bangalore-552167,Namma S.L.N,4.5,250 for two,"South Indian, Indian"
445,https://www.swiggy.com/restaurants/the-bangalore-tiffanys-keshava-nagar-vijay-nagar-bangalore-581061,The Bangalore Tiffanys,4.2,200 for two,South Indian
446,https://www.swiggy.com/restaurants/advis-food-srinagar-banashankari-bangalore-419178,Advis Food,4.1,200 for two,Indian
447,https://www.swiggy.com/restaurants/sri-maruthi-donne-biriyani-and-kabab-hanumanthanagar-banashankari-bangalore-603839,Sri Maruthi Donne Biriyani And Kabab,4.1,250 for two,Biryani
448,https://www.swiggy.com/restaurants/indian-drinks-by-living-food-7th-phase-brigade-road-bangalore-636231,Indian Drinks by Living Food,4.3,300 for two,Juices
449,https://www.swiggy.com/restaurants/dessert-rose-2nd-stage-banashankari-bangalore-151709,Dessert Rose,4.2,320 for two,"Desserts, Beverages"
450,https://www.swiggy.com/restaurants/south-tadka-thyagaraj-nagar-basavanagudi-bangalore-235650,South Tadka,4.3,200 for two,"Indian, South Indian"
451,https://www.swiggy.com/restaurants/lush-renaissance-bengaluru-race-course-hotel-by-marriott-race-course-road-bangalore-284374,Lush - Renaissance Bengaluru Race Course Hotel By Marriott.,4,800 for two,"Indian, Continental"
452,https://www.swiggy.com/restaurants/stories-of-kitchen-race-course-road-malleshwaram-bangalore-576163,Stories of Kitchen,4.5,700 for two,North Indian
453,https://www.swiggy.com/restaurants/atlas-world-cafe-race-course-road-malleshwaram-bangalore-269808,Atlas World Cafe,4.2,600 for two,"North Indian, South Indian"
454,https://www.swiggy.com/restaurants/the-icecream-zone-chamrajpet-basavanagudi-bangalore-489047,The IceCream Zone,4.8,250 for two,"Ice Cream, Desserts"
455,https://www.swiggy.com/restaurants/suprabhatha-coffee-kendra-nk-road-basavanagudi-bangalore-575483,Suprabhatha Coffee Kendra,4.3,100 for two,"South Indian, Snacks"
456,https://www.swiggy.com/restaurants/uttara-karnataka-jolad-rotti-matttu-chapati-angadi-agrahara-1st-main-road-basavanagudi-bangalore-384486,Uttara Karnataka Jolad Rotti Matttu Chapati Angadi,4.2,200 for two,South Indian
457,https://www.swiggy.com/restaurants/your-green-factory-near-royan-circle-chamrajpet-bangalore-530240,Your Green Factory,4.8,200 for two,"Desserts, Ice Cream"
458,https://www.swiggy.com/restaurants/5-c-restobar-rajajinagar-bangalore-573627,5 c Restobar,4.3,320 for two,"Chinese, North Indian"
459,https://www.swiggy.com/restaurants/indian-home-food-ihf-7th-block-jayanagar-bangalore-579593,Indian home food (IHF),4.3,500 for two,Biryani
460,https://www.swiggy.com/restaurants/udupi-vaibhava-hotel-basaveshwaranagar-rajajinagar-bangalore-502791,Udupi Vaibhava Hotel,4.2,250 for two,"South Indian, Chinese"
461,https://www.swiggy.com/restaurants/juice-and-sandwiches-hub-pattabhirama-nagar-jayanagar-bangalore-691742,Juice And Sandwiches Hub,4.4,198 for two,Juices
462,https://www.swiggy.com/restaurants/holy-doh-pizza-bsk-2nd-stage-basavanagudi-bangalore-593387,Holy Doh! Pizza,4.1,600 for two,"American, Italian"
463,https://www.swiggy.com/restaurants/shree-ambha-bhavani-pakka-home-made-rpc-layout-vijayanagar-bangalore-648927,Shree Ambha Bhavani Pakka Home Made,4.1,360 for two,Biryani
464,https://www.swiggy.com/restaurants/royal-ice-corner-bbmp-south-jayanagar-bangalore-718841,Royal Ice Corner,4.8,200 for two,"Desserts, Ice Cream"
465,https://www.swiggy.com/restaurants/chole-maharaj-prakash-nagar-rajajinagar-bangalore-724910,Chole Maharaj,4.8,299 for two,"Chinese, North Indian"
466,https://www.swiggy.com/restaurants/udupi-malini-grand-shivaji-nagar-central-bangalore-bangalore-739167,Udupi Malini Grand,4.5,299 for two,"Chinese, Beverages"
467,https://www.swiggy.com/restaurants/the-chinese-food-company-ashok-nagar-bangalore-65189,The Chinese Food Company,4.3,300 for two,"Chinese, Seafood"
468,https://www.swiggy.com/restaurants/kenzai-asian-kitchen-and-lounge-ashok-nagar-bangalore-589631,Kenzai-Asian Kitchen &amp; Lounge,4.2,1200 for two,"Japanese, Thai"
469,https://www.swiggy.com/restaurants/rasta-church-street-bangalore-131261,Rasta,4.2,400 for two,Indian
470,https://www.swiggy.com/restaurants/paddy-platter-rice-and-shine-residency-road-ashok-nagar-bangalore-645996,Paddy Platter: Rice and Shine,5,300 for two,"North Indian, Chinese"
471,https://www.swiggy.com/restaurants/the-biere-club-vittal-mallya-road-bangalore-283670,The Biere Club,4.6,1200 for two,"Continental, European"
472,https://www.swiggy.com/restaurants/rolls-21-r-p-c-layout-vijayanagar-bangalore-597894,Rolls 21,5,250 for two,Indian
473,https://www.swiggy.com/restaurants/puppys-gastronomy-infantry-road-vasanth-nagar-bangalore-377889,Puppy&#39;s Gastronomy,4.6,500 for two,"Continental, Italian"
474,https://www.swiggy.com/restaurants/the-green-path-sampige-road-malleshwaram-bangalore-142299,The Green Path,4.8,310 for two,Beverages
475,https://www.swiggy.com/restaurants/1992-chats-space-2nd-block-rajajinagar-bangalore-117913,1992 Chats Space,4.2,300 for two,"Juices, Beverages"
476,https://www.swiggy.com/restaurants/lit-gastro-pub-church-street-bangalore-430991,LIT Gastro Pub,4.4,300 for two,"Chinese, Indian"
477,https://www.swiggy.com/restaurants/dum-pukht-biryani-by-aromas-4th-block-jayanagar-bangalore-582919,Dum Pukht Biryani by Aromas,4.6,500 for two,Biryani
478,https://www.swiggy.com/restaurants/the-burrow-crescent-road-gandhi-nagar-bangalore-705107,The Burrow,4.2,300 for two,"Salads, Healthy Food"
479,https://www.swiggy.com/restaurants/dominos-pizza-hampinagar-vijay-nagar-bangalore-359416,Domino&#39;s Pizza,4.3,400 for two,"Pizzas, Italian"
480,https://www.swiggy.com/restaurants/szechuan-dragon-hanumanthanagar-bangalore-20637,Szechuan Dragon,4.1,500 for two,"Chinese, Thai"
481,https://www.swiggy.com/restaurants/firangi-falooda-jayanagar-basavanagudi-bangalore-719516,Firangi Falooda,4.6,250 for two,"Desserts, Beverages"
482,https://www.swiggy.com/restaurants/eat-and-repeat-nr-colony-basavanagudi-bangalore-143867,Eat &amp; Repeat,4.3,200 for two,South Indian
483,https://www.swiggy.com/restaurants/soul-rasa-akkithimanahalli-shanti-nagar-bangalore-614642,Soul Rasa,4.4,400 for two,"Indian, Healthy Food"
484,https://www.swiggy.com/restaurants/thalairaj-biryani-surya-gandhi-bazar-basavanagudi-bangalore-477128,Thalairaj Biryani,4.3,300 for two,"Andhra, Biryani"
485,https://www.swiggy.com/restaurants/sandwich-guru-bull-temple-rd-basavanagudi-bangalore-154343,Sandwich Guru,4.2,99 for two,"Snacks, Beverages"
486,https://www.swiggy.com/restaurants/utsav-restaurant-hanumantha-nagar-banashankari-bangalore-61282,Utsav Restaurant,4.2,250 for two,"Chinese, North Indian"
487,https://www.swiggy.com/restaurants/juice-junction-wilson-garden-bangalore-4848,Juice Junction,4.4,150 for two,"Beverages, Juices"
488,https://www.swiggy.com/restaurants/mccafe-by-mcdonalds-gandhi-bazaar-main-road-basavangudi-bangalore-457523,McCafe by McDonald&#39;s,4.2,250 for two,"Beverages, Desserts"
489,https://www.swiggy.com/restaurants/globo-ice-creams-of-the-world-lakshmi-road-shanti-nagar-bangalore-681363,GLOBO Ice Creams Of The World,4.2,150 for two,"Ice Cream, Desserts"
490,https://www.swiggy.com/restaurants/the-bakers-dozen-opp-nandini-booth-sriprasth-complex-residency-road-shanti-nagar-bangalore-704354,The Baker&#39;s Dozen,4.2,500 for two,"Bakery, Snacks"
491,https://www.swiggy.com/restaurants/zaza-mughal-biryani-lakshmi-nagar-road-shanti-nagar-bangalore-503003,ZAZA Mughal Biryani,4.3,250 for two,"Biryani, North Indian"
492,https://www.swiggy.com/restaurants/boom-sandwich-explosion-of-flavours-jai-bheema-nagar-seshadripuram-bangalore-692218,BOOM Sandwich - Explosion of Flavours,4.5,250 for two,"Snacks, Indian"
493,https://www.swiggy.com/restaurants/ammas-pastries-2nd-block-basavanagudi-bangalore-384142,Amma&#39;s Pastries,4.4,350 for two,Bakery
494,https://www.swiggy.com/restaurants/sri-krishna-sweets-basavangudi-basavanagudi-bangalore-66033,Sri Krishna Sweets,4.6,200 for two,Sweets
495,https://www.swiggy.com/restaurants/havmor-havfunn-ice-cream-vanivilas-road-basavanagudi-bangalore-66590,Havmor Havfunn Ice cream,4.3,400 for two,"Ice Cream, Ice Cream Cakes"
496,https://www.swiggy.com/restaurants/dairy-day-ice-creams-shantinagar-basavanagudi-bangalore-525612,Dairy Day Ice Creams,4.7,200 for two,"Ice Cream, Desserts"
497,https://www.swiggy.com/restaurants/chettys-corner-hanumanthnagar-basavanagudi-bangalore-618456,Chetty&#39;s corner,4.3,150 for two,"Fast Food, Snacks"
498,https://www.swiggy.com/restaurants/itminaan-matka-biryani-slow-cooked-lakshmi-road-shanti-nagar-bangalore-503000,Itminaan Matka Biryani - Slow Cooked,4,250 for two,"Biryani, North Indian"
499,https://www.swiggy.com/restaurants/bombay-kulfi-sudhamnagar-austin-town-bangalore-47507,Bombay Kulfi,4.3,100 for two,"Desserts, Ice Cream"
500,https://www.swiggy.com/restaurants/getaway-desserts-9th-main-prakash-nagar-bangalore-735624,GetAWay-Desserts,4.6,250 for two,"Ice Cream, Desserts"
